{
      "model_et_": {
            "tester": [
                  [
                        "s",
                        "o"
                  ],
                  [
                        "n",
                        "p"
                  ]
            ],
            "test__": [
                  [
                        "s",
                        "o"
                  ],
                  [
                        "n",
                        "p"
                  ]
            ],
            "best_params": {
                  "extratreesclassifier__n_estimators": 74,
                  "extratreesclassifier__min_samples_leaf": 7
            },
            "time_to_train": 51.17945432662964,
            "n_iter": 1,
            "cross_folds": 2,
            "n_jobs": -1,
            "training_score": 0.6869531849577897,
            "val_score": 0.6869531849577897,
            "cv_results": [
                  [
                        0.6884785111281657,
                        {
                              "extratreesclassifier__n_estimators": 74,
                              "extratreesclassifier__min_samples_leaf": 7
                        }
                  ]
            ],
            "confusion_matrix": [
                  [
                        0.03618572524942441,
                        0.059286262471220263,
                        0.001343054489639294
                  ],
                  [
                        0.018188795088257867,
                        0.47759017651573293,
                        0.07045280122793553
                  ],
                  [
                        0.0015349194167306216,
                        0.15993860322333078,
                        0.17547966231772832
                  ]
            ]
      },
      "model_sgd_": {
            "best_params": {
                  "sgdclassifier__penalty": "l2"
            },
            "time_to_train": 35.81261873245239,
            "n_iter": 1,
            "cross_folds": 2,
            "n_jobs": -1,
            "training_score": 0.5787797390636992,
            "val_score": 0.5787797390636992,
            "cv_results": [
                  [
                        0.5783336531082118,
                        {
                              "sgdclassifier__penalty": "l2"
                        }
                  ]
            ]
      },
      "model_mlp_": {
            "best_params": {
                  "mlpclassifier__solver": "adam"
            },
            "time_to_train": 681.2986931800842,
            "n_iter": 1,
            "cross_folds": 2,
            "n_jobs": -1,
            "training_score": 0.6863008442056792,
            "val_score": 0.6863008442056792,
            "cv_results": [
                  [
                        0.6802858787413661,
                        {
                              "mlpclassifier__solver": "adam"
                        }
                  ]
            ]
      },
      "model_rf_": {
            "best_params": {
                  "randomforestclassifier__n_estimators": 138,
                  "randomforestclassifier__min_samples_leaf": 19
            },
            "time_to_train": 70.82152581214905,
            "n_iter": 1,
            "cross_folds": 2,
            "n_jobs": -1,
            "training_score": 0.6833461243284727,
            "val_score": 0.6833461243284727,
            "cv_results": [
                  [
                        0.6821085955487336,
                        {
                              "randomforestclassifier__n_estimators": 138,
                              "randomforestclassifier__min_samples_leaf": 19
                        }
                  ]
            ]
      },
      "model_gb_": {
            "best_params": {
                  "gradientboostingclassifier__n_estimators": 48,
                  "gradientboostingclassifier__min_samples_leaf": 8
            },
            "time_to_train": 162.05376267433167,
            "n_iter": 1,
            "cross_folds": 2,
            "n_jobs": -1,
            "training_score": 0.6594397544128934,
            "val_score": 0.6594397544128934,
            "cv_results": [
                  [
                        0.6632051036070606,
                        {
                              "gradientboostingclassifier__n_estimators": 48,
                              "gradientboostingclassifier__min_samples_leaf": 8
                        }
                  ]
            ]
      },
      "ensemble_voting_": {
            "model_list": [
                  "model_et_",
                  "model_gb_",
                  "model_mlp_",
                  "model_rf_",
                  "model_sgd_"
            ],
            "time_to_train": 464.94059443473816,
            "n_iter": 1,
            "cross_folds": 2,
            "n_jobs": -1,
            "training_score": 0.6825019186492709,
            "val_score": 0.6825019186492709,
            "confusion_matrix": [
                  [
                        0.034996162701458174,
                        0.060629316960859554,
                        0.0011895625479662318
                  ],
                  [
                        0.017344589409056026,
                        0.47455871066768995,
                        0.07432847275518036
                  ],
                  [
                        0.001419800460475825,
                        0.1625863392171911,
                        0.17294704528012278
                  ]
            ]
      }
}