{
      "single_mlp_": {
            "time_to_train": 22040.04085969925,
            "n_iter": 1,
            "cross_folds": 2,
            "n_jobs": -1,
            "training_score": 0.8739975057559478,
            "val_score": 0.6890636991557944
      }
}