{
      "single_mlp_": {
            "time_to_train": 328.7687680721283,
            "n_iter": 1,
            "cross_folds": 2,
            "n_jobs": -1,
            "training_score": 0.7211195318495779,
            "val_score": 0.7110897927858787,
            "confusion_matrix": [
                  [
                        0.05966999232540292,
                        0.03603223330775134,
                        0.0011128165771297008
                  ],
                  [
                        0.037452033768227165,
                        0.46508058326937834,
                        0.0636991557943208
                  ],
                  [
                        0.0027244819646968536,
                        0.13914044512663085,
                        0.195088257866462
                  ]
            ]
      },
      "single_et_": {
            "time_to_train": 30.933555841445923,
            "n_iter": 1,
            "cross_folds": 2,
            "n_jobs": -1,
            "training_score": 0.844004221028396,
            "val_score": 0.745088257866462,
            "confusion_matrix": [
                  [
                        0.0488871834228703,
                        0.04646968534151957,
                        0.0014581734458940906
                  ],
                  [
                        0.018342287029930928,
                        0.485264773599386,
                        0.06262471220260936
                  ],
                  [
                        0.0017267843438219493,
                        0.12429009976976209,
                        0.21093630084420567
                  ]
            ]
      },
      "single_gb_": {
            "time_to_train": 89.15110087394714,
            "n_iter": 1,
            "cross_folds": 2,
            "n_jobs": -1,
            "training_score": 0.8327513430544896,
            "val_score": 0.7376822716807367,
            "confusion_matrix": [
                  [
                        0.044858019953952416,
                        0.050575594781273985,
                        0.0013814274750575594
                  ],
                  [
                        0.016845740598618573,
                        0.4884497313891021,
                        0.060936300844205676
                  ],
                  [
                        0.0017651573292402148,
                        0.13081350729086724,
                        0.20437452033768227
                  ]
            ]
      },
      "ensemble_voting_": {
            "model_list": [
                  "single_et_",
                  "single_gb_",
                  "single_mlp_"
            ],
            "time_to_train": 165.2549171447754,
            "n_iter": 1,
            "cross_folds": 2,
            "n_jobs": -1,
            "training_score": 0.8275374136607828,
            "val_score": 0.7393323100537221,
            "confusion_matrix": [
                  [
                        0.042363775901765155,
                        0.053338449731389105,
                        0.0011128165771297008
                  ],
                  [
                        0.01385264773599386,
                        0.49838833461243287,
                        0.05399079048349962
                  ],
                  [
                        0.0014581734458940906,
                        0.13691481197237146,
                        0.1985801995395242
                  ]
            ]
      }
}